u_id,q_id,choice,confidence,user_answer,attention,q_answer,q_type,grade,sample,kapr_question,timestamp,total_kapr_from_questions
3008,131,1,3,0,FALSE,0,14,1,8,0.29090393075067417,1521575416,252.83769031917825
3008,193,3,1,0,FALSE,1,21,0,8,0,NA,252.83769031917825
3008,26,5,2,1,FALSE,1,3,1,8,0.5872140522875817,1521575466,252.83769031917825
3008,268,1,3,0,FALSE,0,28,1,8,0,NA,252.83769031917825
3008,362,6,3,1,FALSE,1,36,1,8,0,NA,252.83769031917825
3008,58,5,2,1,FALSE,1,7,1,8,0,NA,252.83769031917825
3008,123,1,3,0,FALSE,0,13,1,8,0,NA,252.83769031917825
3008,281,6,3,1,FALSE,1,29,1,8,0,NA,252.83769031917825
3008,300,2,2,0,FALSE,0,30,1,8,0.7692307692307695,1521575560,252.83769031917825
3008,315,1,3,0,FALSE,0,32,1,8,1.2203447687318651,1521575583,252.83769031917825
3008,72,2,2,0,FALSE,0,8,1,8,0.02042483660130756,1521575602,252.83769031917825
3008,18,5,2,1,FALSE,1,2,1,8,0.5344742063492065,1521575615,252.83769031917825
3008,222,5,2,1,FALSE,1,23,1,8,0.11574074074073959,1521575640,252.83769031917825
3008,141,3,1,0,FALSE,0,16,1,8,0.7996632996632984,1521575678,252.83769031917825
3008,244,1,3,0,FALSE,0,25,1,8,0.6203337725076858,1521575708,252.83769031917825
3008,335,5,2,1,FALSE,1,33,1,8,0,NA,252.83769031917825
3008,89,5,2,1,FALSE,1,10,1,8,0.7282021604938267,1521575733,252.83769031917825
3008,352,4,1,1,FALSE,1,35,1,8,0.5125661375661377,1521575756,252.83769031917825
3008,183,2,2,0,FALSE,0,20,1,8,1.234567901234568,1521575784,252.83769031917825
3008,45,5,2,1,FALSE,1,6,1,8,0,NA,252.83769031917825
3008,134,4,1,1,FALSE,1,15,1,8,0.6714665032679719,1521575819,252.83769031917825
3008,176,1,3,0,FALSE,0,19,1,8,0,NA,252.83769031917825
3008,103,5,2,1,FALSE,1,12,1,8,0.2930402930402938,1521575855,252.83769031917825
3008,94,5,2,1,FALSE,1,11,1,8,2.531581478955047e-4,1521575875,252.83769031917825
3008,38,6,3,1,FALSE,1,5,1,8,0,NA,252.83769031917825
3008,151,4,1,1,FALSE,1,17,1,8,0.8333333333333321,1521575905,252.83769031917825
3008,215,2,2,0,FALSE,0,22,1,8,0.8333333333333339,1521575934,252.83769031917825
3008,160,3,1,0,FALSE,0,18,1,8,0.1577840112201958,1521575953,252.83769031917825
3008,311,2,2,0,FALSE,0,31,1,8,0.25015782828282873,1521575978,252.83769031917825
3008,31,4,1,1,TRUE,0,4,0,8,0.16113516113516013,1521575985,252.83769031917825
3008,229,5,2,1,FALSE,1,24,1,8,0.16835016835016958,1521576031,252.83769031917825
3008,255,3,1,0,FALSE,0,26,1,8,1.0984023238925182,1521576042,252.83769031917825
3008,84,3,1,0,FALSE,0,9,1,8,0.6779813218390807,1521576069,252.83769031917825
3008,342,2,2,0,FALSE,0,34,1,8,1.0443722943722928,1521576082,252.83769031917825
3008,3,6,3,1,FALSE,1,1,1,8,0,NA,252.83769031917825
3008,262,5,2,1,FALSE,1,27,1,8,0.8417508417508426,1521576106,252.83769031917825
3003,130,3,1,0,FALSE,0,14,1,3,0,NA,252.83769031917825
3003,201,3,1,0,FALSE,1,21,0,3,0,NA,252.83769031917825
3003,25,6,3,1,TRUE,1,3,1,3,0,NA,252.83769031917825
3003,274,5,2,1,FALSE,0,28,0,3,0,NA,252.83769031917825
3003,371,6,3,1,FALSE,1,36,1,3,0,NA,252.83769031917825
3003,63,6,3,1,FALSE,1,7,1,3,0,NA,252.83769031917825
3003,120,4,1,1,FALSE,0,13,0,3,0,NA,252.83769031917825
3003,283,6,3,1,FALSE,1,29,1,3,0,NA,252.83769031917825
3003,299,3,1,0,FALSE,0,30,1,3,0,NA,252.83769031917825
3003,319,1,3,0,FALSE,0,32,1,3,0,NA,252.83769031917825
3003,68,5,2,1,FALSE,0,8,0,3,0,NA,252.83769031917825
3003,23,6,3,1,FALSE,1,2,1,3,0,NA,252.83769031917825
3003,217,6,3,1,FALSE,1,23,1,3,0.9259259259259258,1521575252,252.83769031917825
3003,141,2,2,0,FALSE,0,16,1,3,0,NA,252.83769031917825
3003,247,1,3,0,FALSE,0,25,1,3,0,NA,252.83769031917825
3003,326,5,2,1,FALSE,1,33,1,3,0,NA,252.83769031917825
3003,88,6,3,1,FALSE,1,10,1,3,0,NA,252.83769031917825
3003,355,2,2,0,FALSE,1,35,0,3,0,NA,252.83769031917825
3003,190,1,3,0,FALSE,0,20,1,3,0,NA,252.83769031917825
3003,53,6,3,1,FALSE,1,6,1,3,0,NA,252.83769031917825
3003,137,1,3,0,FALSE,1,15,0,3,0,NA,252.83769031917825
3003,180,1,3,0,FALSE,0,19,1,3,0,NA,252.83769031917825
3003,110,2,2,0,FALSE,1,12,0,3,0,NA,252.83769031917825
3003,100,3,1,0,FALSE,1,11,0,3,0.027190563725490557,1521575375,252.83769031917825
3003,40,5,2,1,FALSE,1,5,1,3,0,NA,252.83769031917825
3003,156,5,2,1,FALSE,1,17,1,3,0,NA,252.83769031917825
3003,212,3,1,0,FALSE,0,22,1,3,0,NA,252.83769031917825
3003,162,3,1,0,FALSE,0,18,1,3,0,NA,252.83769031917825
3003,307,1,3,0,FALSE,0,31,1,3,0,NA,252.83769031917825
3003,31,6,3,1,TRUE,0,4,0,3,0,NA,252.83769031917825
3003,234,5,2,1,FALSE,1,24,1,3,0,NA,252.83769031917825
3003,260,3,1,0,FALSE,0,26,1,3,0,NA,252.83769031917825
3003,83,5,2,1,FALSE,0,9,0,3,0,NA,252.83769031917825
3003,339,5,2,1,FALSE,0,34,0,3,0,NA,252.83769031917825
3003,1,6,3,1,TRUE,1,1,1,3,0,NA,252.83769031917825
3003,264,5,2,1,FALSE,1,27,1,3,0,NA,252.83769031917825
4007,130,2,2,0,FALSE,0,14,1,7,0,NA,252.83769031917825
4007,197,6,3,1,FALSE,1,21,1,7,0,NA,252.83769031917825
4007,29,6,3,1,FALSE,1,3,1,7,0.5344742063492058,1521575061,252.83769031917825
4007,270,2,2,0,FALSE,0,28,1,7,0,NA,252.83769031917825
4007,372,6,3,1,FALSE,1,36,1,7,0,NA,252.83769031917825
4007,56,6,3,1,FALSE,1,7,1,7,0,NA,252.83769031917825
4007,120,1,3,0,FALSE,0,13,1,7,0,NA,252.83769031917825
4007,283,6,3,1,FALSE,1,29,1,7,0,NA,252.83769031917825
4007,299,4,1,1,FALSE,0,30,0,7,0.45469576719576743,1521575209,252.83769031917825
4007,314,2,2,0,FALSE,0,32,1,7,0,NA,252.83769031917825
4007,70,5,2,1,FALSE,0,8,0,7,0,NA,252.83769031917825
4007,22,5,2,1,FALSE,1,2,1,7,0,NA,252.83769031917825
4007,223,1,3,0,FALSE,1,23,0,7,0.04061078622482106,1521575329,252.83769031917825
4007,142,2,2,0,FALSE,0,16,1,7,0.9186159844054571,1521575342,252.83769031917825
4007,252,1,3,0,FALSE,0,25,1,7,0,NA,252.83769031917825
4007,328,5,2,1,FALSE,1,33,1,7,0,NA,252.83769031917825
4007,85,6,3,1,FALSE,1,10,1,7,0.6479603335587112,1521575422,252.83769031917825
4007,352,4,1,1,FALSE,1,35,1,7,0.5125661375661381,1521575403,252.83769031917825
4007,182,1,3,0,FALSE,0,20,1,7,0,NA,252.83769031917825
4007,45,6,3,1,FALSE,1,6,1,7,0,NA,252.83769031917825
4007,133,6,3,1,FALSE,1,15,1,7,0.46515918195235084,1521575496,252.83769031917825
4007,169,1,3,0,FALSE,0,19,1,7,0,NA,252.83769031917825
4007,114,1,3,0,FALSE,1,12,0,7,0.163921188630491,1521575528,252.83769031917825
4007,93,6,3,1,FALSE,1,11,1,7,2.4229964890487565e-4,1521575514,252.83769031917825
4007,38,6,3,1,FALSE,1,5,1,7,0,NA,252.83769031917825
4007,156,5,2,1,FALSE,1,17,1,7,0,NA,252.83769031917825
4007,216,1,3,0,FALSE,0,22,1,7,0,NA,252.83769031917825
4007,166,3,1,0,FALSE,0,18,1,7,0,NA,252.83769031917825
4007,311,2,2,0,FALSE,0,31,1,7,0,NA,252.83769031917825
4007,31,5,2,1,TRUE,0,4,0,7,0,NA,252.83769031917825
4007,229,6,3,1,FALSE,1,24,1,7,0,NA,252.83769031917825
4007,259,2,2,0,FALSE,0,26,1,7,0,NA,252.83769031917825
4007,78,3,1,0,FALSE,0,9,1,7,0,NA,252.83769031917825
4007,338,2,2,0,FALSE,0,34,1,7,0,NA,252.83769031917825
4007,1,6,3,1,TRUE,1,1,1,7,0,NA,252.83769031917825
4007,261,6,3,1,FALSE,1,27,1,7,0.40601957793033305,1521575706,252.83769031917825
4004,129,2,2,0,FALSE,0,14,1,4,0.7826278659611993,1521575734,252.83769031917825
4004,204,2,2,0,FALSE,1,21,0,4,0.8680555555555555,1521575735,252.83769031917825
4004,26,5,2,1,FALSE,1,3,1,4,0.4212622549019609,1521575735,252.83769031917825
4004,269,5,2,1,FALSE,0,28,0,4,0.3968253968253972,1521575736,252.83769031917825
4004,368,5,2,1,FALSE,1,36,1,4,0.38580246913580263,1521575737,252.83769031917825
4004,62,5,2,1,FALSE,1,7,1,4,0.04960317460317398,1521575739,252.83769031917825
4004,123,5,2,1,FALSE,0,13,0,4,0.6839225589225588,1521575795,252.83769031917825
4004,279,5,2,1,FALSE,1,29,1,4,0.4830917874396148,1521575796,252.83769031917825
4004,290,5,2,1,FALSE,0,30,0,4,0.8524397413286291,1521575796,252.83769031917825
4004,316,4,1,1,FALSE,0,32,0,4,0,NA,252.83769031917825
4004,69,5,2,1,FALSE,0,8,0,4,0.2104377104377111,1521575801,252.83769031917825
4004,23,5,2,1,FALSE,1,2,1,4,0,NA,252.83769031917825
4004,218,3,1,0,FALSE,1,23,0,4,0,NA,252.83769031917825
4004,140,2,2,0,FALSE,0,16,1,4,0,NA,252.83769031917825
4004,245,2,2,0,FALSE,0,25,1,4,0,NA,252.83769031917825
4004,336,6,3,1,FALSE,1,33,1,4,0,NA,252.83769031917825
4004,86,2,2,0,FALSE,1,10,0,4,0,NA,252.83769031917825
4004,359,4,1,1,FALSE,1,35,1,4,0,NA,252.83769031917825
4004,188,5,2,1,FALSE,0,20,0,4,0,NA,252.83769031917825
4004,51,2,2,0,FALSE,1,6,0,4,0,NA,252.83769031917825
4004,138,5,2,1,FALSE,1,15,1,4,0,NA,252.83769031917825
4004,175,3,1,0,FALSE,0,19,1,4,0,NA,252.83769031917825
4004,109,5,2,1,FALSE,1,12,1,4,0,NA,252.83769031917825
4004,94,5,2,1,FALSE,1,11,1,4,0,NA,252.83769031917825
4004,39,5,2,1,FALSE,1,5,1,4,0,NA,252.83769031917825
4004,151,5,2,1,FALSE,1,17,1,4,0,NA,252.83769031917825
4004,211,4,1,1,FALSE,0,22,0,4,0,NA,252.83769031917825
4004,163,4,1,1,FALSE,0,18,0,4,0,NA,252.83769031917825
4004,311,4,1,1,FALSE,0,31,0,4,0,NA,252.83769031917825
4004,32,4,1,1,FALSE,0,4,0,4,0,NA,252.83769031917825
4004,240,4,1,1,FALSE,1,24,1,4,0.007467144563918282,1521575871,252.83769031917825
4004,260,4,1,1,FALSE,0,26,0,4,0.0021337807907775286,1521575869,252.83769031917825
4004,77,4,1,1,FALSE,0,9,0,4,2.2479478902859285e-4,1521575875,252.83769031917825
4004,340,4,1,1,FALSE,0,34,0,4,0,NA,252.83769031917825
4004,4,4,1,1,FALSE,1,1,1,4,0,NA,252.83769031917825
4004,265,3,1,0,FALSE,1,27,0,4,0,NA,252.83769031917825
3007,130,1,3,0,FALSE,0,14,1,7,0.24890481879729226,1521575246,252.83769031917825
3007,197,5,2,1,FALSE,1,21,1,7,0,NA,252.83769031917825
3007,29,6,3,1,FALSE,1,3,1,7,0.5344742063492054,1521575271,252.83769031917825
3007,270,2,2,0,FALSE,0,28,1,7,0.16037581699346437,1521575286,252.83769031917825
3007,372,5,2,1,FALSE,1,36,1,7,0,NA,252.83769031917825
3007,56,6,3,1,FALSE,1,7,1,7,0,NA,252.83769031917825
3007,120,1,3,0,FALSE,0,13,1,7,0,NA,252.83769031917825
3007,283,5,2,1,FALSE,1,29,1,7,0,NA,252.83769031917825
3007,299,3,1,0,FALSE,0,30,1,7,1.314484126984127,1521575401,252.83769031917825
3007,314,1,3,0,FALSE,0,32,1,7,2.170698924731183,1521575395,252.83769031917825
3007,70,2,2,0,FALSE,0,8,1,7,1.1190334719746486,1521575436,252.83769031917825
3007,22,6,3,1,FALSE,1,2,1,7,0.5642361111111116,1521575527,252.83769031917825
3007,223,5,2,1,FALSE,1,23,1,7,0,NA,252.83769031917825
3007,142,5,2,1,FALSE,0,16,0,7,0.8357699805068224,1521575587,252.83769031917825
3007,252,1,3,0,FALSE,0,25,1,7,0,NA,252.83769031917825
3007,328,5,2,1,FALSE,1,33,1,7,0,NA,252.83769031917825
3007,85,6,3,1,FALSE,1,10,1,7,0.6479603335587107,1521575617,252.83769031917825
3007,352,2,2,0,FALSE,1,35,0,7,0.5125661375661386,1521575627,252.83769031917825
3007,182,1,3,0,FALSE,0,20,1,7,0,NA,252.83769031917825
3007,45,6,3,1,FALSE,1,6,1,7,0,NA,252.83769031917825
3007,133,6,3,1,FALSE,1,15,1,7,0.46515918195234995,1521575668,252.83769031917825
3007,169,1,3,0,FALSE,0,19,1,7,1.1190334719746478,1521575679,252.83769031917825
3007,114,6,3,1,FALSE,1,12,1,7,0.9011627906976756,1521575715,252.83769031917825
3007,93,5,2,1,FALSE,1,11,1,7,0.432098765432098,1521575726,252.83769031917825
3007,38,6,3,1,FALSE,1,5,1,7,0,NA,252.83769031917825
3007,156,5,2,1,FALSE,1,17,1,7,0.8293972109761594,1521575742,252.83769031917825
3007,216,1,3,0,FALSE,0,22,1,7,0.032687991021322915,1521575754,252.83769031917825
3007,166,1,3,0,FALSE,0,18,1,7,0,NA,252.83769031917825
3007,311,1,3,0,FALSE,0,31,1,7,0,NA,252.83769031917825
3007,31,5,2,1,TRUE,0,4,0,7,0.5699855699855689,1521575783,252.83769031917825
3007,229,5,2,1,FALSE,1,24,1,7,0,NA,252.83769031917825
3007,259,2,2,0,FALSE,0,26,1,7,0.5612148651197906,1521575822,252.83769031917825
3007,78,2,2,0,FALSE,0,9,1,7,0,NA,252.83769031917825
3007,338,2,2,0,FALSE,0,34,1,7,0.10401026026026017,1521575837,252.83769031917825
3007,1,6,3,1,TRUE,1,1,1,7,0,NA,252.83769031917825
3007,261,6,3,1,FALSE,1,27,1,7,0.4060195779303335,1521575850,252.83769031917825
4012,127,1,3,0,FALSE,0,14,1,2,0.29239766081871343,1521574865,252.83769031917825
4012,200,6,3,1,FALSE,1,21,1,2,0,NA,252.83769031917825
4012,29,6,3,1,FALSE,1,3,1,2,0.5344742063492065,1521574894,252.83769031917825
4012,276,2,2,0,FALSE,0,28,1,2,2.6143280170731753e-4,1521574922,252.83769031917825
4012,370,6,3,1,FALSE,1,36,1,2,0,NA,252.83769031917825
4012,60,6,3,1,FALSE,1,7,1,2,0,NA,252.83769031917825
4012,124,2,2,0,FALSE,0,13,1,2,0.7287933094384704,1521574973,252.83769031917825
4012,289,6,3,1,FALSE,1,29,1,2,0,NA,252.83769031917825
4012,294,2,2,0,FALSE,0,30,1,2,0,NA,252.83769031917825
4012,314,1,3,0,FALSE,0,32,1,2,0,NA,252.83769031917825
4012,68,5,2,1,FALSE,0,8,0,2,0,NA,252.83769031917825
4012,14,6,3,1,FALSE,1,2,1,2,2.572300850167686e-4,1521575018,252.83769031917825
4012,221,5,2,1,FALSE,1,23,1,2,0.9259259259259252,1521575050,252.83769031917825
4012,140,2,2,0,FALSE,0,16,1,2,2.1385616889535441e-4,1521575085,252.83769031917825
4012,248,1,3,0,FALSE,0,25,1,2,0,NA,252.83769031917825
4012,337,5,2,1,FALSE,1,33,1,2,1.3820806100217857,1521575106,252.83769031917825
4012,86,5,2,1,FALSE,1,10,1,2,0.5456349206349205,1521575115,252.83769031917825
4012,354,2,2,0,FALSE,1,35,0,2,0.8003510045993707,1521575125,252.83769031917825
4012,185,2,2,0,FALSE,0,20,1,2,0.27777777777777857,1521575155,252.83769031917825
4012,48,6,3,1,FALSE,1,6,1,2,0,NA,252.83769031917825
4012,138,2,2,0,FALSE,1,15,0,2,0,NA,252.83769031917825
4012,175,1,3,0,FALSE,0,19,1,2,0,NA,252.83769031917825
4012,112,2,2,0,FALSE,1,12,0,2,0.3182870370370381,1521575236,252.83769031917825
4012,93,5,2,1,FALSE,1,11,1,2,2.4229964890398747e-4,1521575255,252.83769031917825
4012,41,6,3,1,FALSE,1,5,1,2,0,NA,252.83769031917825
4012,151,3,1,0,FALSE,1,17,0,2,2.1499828001392274e-4,1521575295,252.83769031917825
4012,208,2,2,0,FALSE,0,22,1,2,0.11261261261261257,1521575316,252.83769031917825
4012,168,2,2,0,FALSE,0,18,1,2,0,NA,252.83769031917825
4012,311,2,2,0,FALSE,0,31,1,2,0,NA,252.83769031917825
4012,35,1,3,0,FALSE,0,4,1,2,0,NA,252.83769031917825
4012,230,3,1,0,FALSE,1,24,0,2,0,NA,252.83769031917825
4012,254,5,2,1,FALSE,0,26,0,2,0,NA,252.83769031917825
4012,81,2,2,0,FALSE,0,9,1,2,2.010798352758414e-4,1521575390,252.83769031917825
4012,349,2,2,0,FALSE,0,34,1,2,0,NA,252.83769031917825
4012,265,4,1,1,FALSE,1,27,1,2,0,NA,252.83769031917825
4008,131,3,1,0,FALSE,0,14,1,8,0.09578544061302681,1521575171,252.83769031917825
4008,193,6,3,1,FALSE,1,21,1,8,0,NA,252.83769031917825
4008,26,6,3,1,FALSE,1,3,1,8,0,NA,252.83769031917825
4008,268,2,2,0,FALSE,0,28,1,8,0.8907004830917881,1521575295,252.83769031917825
4008,362,6,3,1,FALSE,1,36,1,8,0,NA,252.83769031917825
4008,58,6,3,1,FALSE,1,7,1,8,0,NA,252.83769031917825
4008,123,1,3,0,FALSE,0,13,1,8,0,NA,252.83769031917825
4008,281,6,3,1,FALSE,1,29,1,8,0,NA,252.83769031917825
4008,300,2,2,0,FALSE,0,30,1,8,0,NA,252.83769031917825
4008,315,2,2,0,FALSE,0,32,1,8,0.887523468168629,1521575435,252.83769031917825
4008,72,6,3,1,FALSE,0,8,0,8,0,NA,252.83769031917825
4008,18,6,3,1,FALSE,1,2,1,8,2.572300850163245e-4,1521575470,252.83769031917825
4008,222,6,3,1,FALSE,1,23,1,8,0,NA,252.83769031917825
4008,141,1,3,0,FALSE,0,16,1,8,1.9252455608831376e-4,1521575514,252.83769031917825
4008,244,1,3,0,FALSE,0,25,1,8,0,NA,252.83769031917825
4008,335,6,3,1,FALSE,1,33,1,8,0,NA,252.83769031917825
4008,89,6,3,1,FALSE,1,10,1,8,0.15432098765432145,1521575553,252.83769031917825
4008,352,2,2,0,FALSE,1,35,0,8,0,NA,252.83769031917825
4008,183,2,2,0,FALSE,0,20,1,8,0,NA,252.83769031917825
4008,45,6,3,1,FALSE,1,6,1,8,0,NA,252.83769031917825
4008,134,6,3,1,FALSE,1,15,1,8,0,NA,252.83769031917825
4008,176,1,3,0,FALSE,0,19,1,8,0,NA,252.83769031917825
4008,103,5,2,1,FALSE,1,12,1,8,0,NA,252.83769031917825
4008,94,5,2,1,FALSE,1,11,1,8,0.6517556517556518,1521575694,252.83769031917825
4008,38,6,3,1,FALSE,1,5,1,8,0,NA,252.83769031917825
4008,151,6,3,1,FALSE,1,17,1,8,0,NA,252.83769031917825
4008,215,1,3,0,FALSE,0,22,1,8,0.0957491582491583,1521575750,252.83769031917825
4008,160,6,3,1,FALSE,0,18,0,8,0,NA,252.83769031917825
4008,311,1,3,0,FALSE,0,31,1,8,0,NA,252.83769031917825
4008,31,5,2,1,TRUE,0,4,0,8,0.16113516113516102,1521575800,252.83769031917825
4008,229,6,3,1,FALSE,1,24,1,8,0,NA,252.83769031917825
4008,255,1,3,0,FALSE,0,26,1,8,0,NA,252.83769031917825
4008,84,2,2,0,FALSE,0,9,1,8,2.1788901690777962e-4,1521575862,252.83769031917825
4008,342,2,2,0,FALSE,0,34,1,8,0,NA,252.83769031917825
4008,3,6,3,1,FALSE,1,1,1,8,0,NA,252.83769031917825
4008,262,3,1,0,FALSE,1,27,0,8,0.19240019240019235,1521575892,252.83769031917825
2003,130,1,3,0,FALSE,0,14,1,3,0,NA,252.83769031917825
2003,201,5,2,1,FALSE,1,21,1,3,0.985663082437276,1521574869,252.83769031917825
2003,25,4,1,1,TRUE,1,3,1,3,0,NA,252.83769031917825
2003,274,1,3,0,FALSE,0,28,1,3,0,NA,252.83769031917825
2003,371,5,2,1,FALSE,1,36,1,3,0.42613636363636365,1521574934,252.83769031917825
2003,63,5,2,1,FALSE,1,7,1,3,0,NA,252.83769031917825
2003,120,1,3,0,FALSE,0,13,1,3,1.0020908004778972,1521574968,252.83769031917825
2003,283,6,3,1,FALSE,1,29,1,3,0,NA,252.83769031917825
2003,299,3,1,0,FALSE,0,30,1,3,0.6696428571428572,1521575007,252.83769031917825
2003,319,1,3,0,FALSE,0,32,1,3,3.063132434548699e-4,1521575045,252.83769031917825
2003,68,5,2,1,FALSE,0,8,0,3,0.2130681818181821,1521575051,252.83769031917825
2003,23,6,3,1,FALSE,1,2,1,3,0.5923892642642641,1521575070,252.83769031917825
2003,217,1,3,0,FALSE,1,23,0,3,1.018518518518519,1521575093,252.83769031917825
2003,141,1,3,0,FALSE,0,16,1,3,1.5256734006733996,1521575107,252.83769031917825
2003,247,1,3,0,FALSE,0,25,1,3,2.759230113911215e-4,1521575117,252.83769031917825
2003,326,6,3,1,FALSE,1,33,1,3,1.0889292196007263,1521575126,252.83769031917825
2003,88,6,3,1,FALSE,1,10,1,3,0.8134920634920633,1521575134,252.83769031917825
2003,355,2,2,0,FALSE,1,35,0,3,1.6002415458937218,1521575148,252.83769031917825
2003,190,1,3,0,FALSE,0,20,1,3,2.455250392827679e-4,1521575199,252.83769031917825
2003,53,5,2,1,FALSE,1,6,1,3,0.05005005005005003,1521575208,252.83769031917825
2003,137,4,1,1,FALSE,1,15,1,3,1.2884207737148916,1521575218,252.83769031917825
2003,180,1,3,0,FALSE,0,19,1,3,1.6196447230929998,1521575245,252.83769031917825
2003,110,1,3,0,FALSE,1,12,0,3,0.16188063063063218,1521575257,252.83769031917825
2003,100,4,1,1,FALSE,1,11,1,3,0.5872140522875817,1521575272,252.83769031917825
2003,40,6,3,1,FALSE,1,5,1,3,0.8620689655172402,1521575314,252.83769031917825
2003,156,5,2,1,FALSE,1,17,1,3,1.5510196431249028,1521575323,252.83769031917825
2003,212,1,3,0,FALSE,0,22,1,3,1.5580618212197201,1521575336,252.83769031917825
2003,162,1,3,0,FALSE,0,18,1,3,3.072943221908986e-4,1521575352,252.83769031917825
2003,307,1,3,0,FALSE,0,31,1,3,0.0011721435283824633,1521575355,252.83769031917825
2003,31,4,1,1,TRUE,0,4,0,3,1.1423761423761434,1521575361,252.83769031917825
2003,234,4,1,1,FALSE,1,24,1,3,1.1904761904761934,1521575401,252.83769031917825
2003,260,1,3,0,FALSE,0,26,1,3,3.893562802268491e-4,1521575419,252.83769031917825
2003,83,6,3,1,FALSE,0,9,0,3,1.3425925925925917,1521575422,252.83769031917825
2003,339,1,3,0,FALSE,0,34,1,3,0.9415584415584455,1521575433,252.83769031917825
2003,1,6,3,1,TRUE,1,1,1,3,0,NA,252.83769031917825
2003,264,5,2,1,FALSE,1,27,1,3,0.5971170033670035,1521575449,252.83769031917825
2004,129,2,2,0,FALSE,0,14,1,4,0.13723544973544927,1521574948,252.83769031917825
2004,204,5,2,1,FALSE,1,21,1,4,0.8680555555555554,1521574969,252.83769031917825
2004,26,5,2,1,FALSE,1,3,1,4,0.16595179738562105,1521574980,252.83769031917825
2004,269,2,2,0,FALSE,0,28,1,4,2.828706008151105e-4,1521575e3,252.83769031917825
2004,368,5,2,1,FALSE,1,36,1,4,0,NA,252.83769031917825
2004,62,2,2,0,FALSE,1,7,0,4,0.04960317460317465,1521575026,252.83769031917825
2004,123,2,2,0,FALSE,0,13,1,4,0.30114041335923436,1521575055,252.83769031917825
2004,279,3,1,0,FALSE,1,29,0,4,1.609488582716864,1521575072,252.83769031917825
2004,290,5,2,1,FALSE,0,30,0,4,13.24927525958335,1521575098,252.83769031917825
2004,316,2,2,0,FALSE,0,32,1,4,3.2901984514887666,1521575145,252.83769031917825
2004,69,2,2,0,FALSE,0,8,1,4,11.505681818181817,1521575157,252.83769031917825
2004,23,2,2,0,FALSE,1,2,0,4,0.5116995381604497,1521575168,252.83769031917825
2004,218,5,2,1,FALSE,1,23,1,4,0.8730158730158699,1521575210,252.83769031917825
2004,140,2,2,0,FALSE,0,16,1,4,2.1953405017921206,1521575222,252.83769031917825
2004,245,2,2,0,FALSE,0,25,1,4,1.410847606499786,1521575245,252.83769031917825
2004,336,5,2,1,FALSE,1,33,1,4,0,NA,252.83769031917825
2004,86,5,2,1,FALSE,1,10,1,4,0.35962301587301937,1521575260,252.83769031917825
2004,359,5,2,1,FALSE,1,35,1,4,0.6680420473523938,1521575266,252.83769031917825
2004,188,2,2,0,FALSE,0,20,1,4,-0.7575757575757507,1521575293,252.83769031917825
2004,51,5,2,1,FALSE,1,6,1,4,0.510481155642438,1521575303,252.83769031917825
2004,138,5,2,1,FALSE,1,15,1,4,1.3454861111111214,1521575309,252.83769031917825
2004,175,2,2,0,FALSE,0,19,1,4,0.8064516129032242,1521575323,252.83769031917825
2004,109,5,2,1,FALSE,1,12,1,4,0.4243095087497366,1521575329,252.83769031917825
2004,94,5,2,1,FALSE,1,11,1,4,0.733525733525731,1521575344,252.83769031917825
2004,240,5,2,1,FALSE,1,24,1,4,1.6129032258064484,1521575357,252.83769031917825
2004,260,2,2,0,FALSE,0,26,1,4,0.021701388888892836,1521575370,252.83769031917825
2004,77,5,2,1,FALSE,0,9,0,4,-0.06944444444444287,1521575384,252.83769031917825
2004,340,2,2,0,FALSE,0,34,1,4,0.9769189479334344,1521575392,252.83769031917825
2004,4,5,2,1,FALSE,1,1,1,4,0,NA,252.83769031917825
2004,265,5,2,1,FALSE,1,27,1,4,-0.8100181711292791,1521575406,252.83769031917825
2004,39,5,2,1,FALSE,1,5,1,4,0,NA,252.83769031917825
2004,151,2,2,0,FALSE,1,17,0,4,0.8413154533844178,1521575376,252.83769031917825
2004,211,1,3,0,FALSE,0,22,1,4,1.3758010209623137,1521575398,252.83769031917825
2004,163,2,2,0,FALSE,0,18,1,4,0,NA,252.83769031917825
2004,311,1,3,0,FALSE,0,31,1,4,0,NA,252.83769031917825
2004,32,2,2,0,FALSE,0,4,1,4,1.4747007108118169,1521575467,252.83769031917825
4005,129,2,2,0,FALSE,0,14,1,5,0,NA,252.83769031917825
4005,194,5,2,1,FALSE,1,21,1,5,0,NA,252.83769031917825
4005,25,5,2,1,TRUE,1,3,1,5,0.22522522522522523,1521575189,252.83769031917825
4005,268,3,1,0,FALSE,0,28,1,5,2.477070434550033e-4,1521575251,252.83769031917825
4005,367,5,2,1,FALSE,1,36,1,5,0,NA,252.83769031917825
4005,65,5,2,1,FALSE,1,7,1,5,0,NA,252.83769031917825
4005,122,1,3,0,FALSE,0,13,1,5,0,NA,252.83769031917825
4005,286,6,3,1,FALSE,1,29,1,5,0,NA,252.83769031917825
4005,290,2,2,0,FALSE,0,30,1,5,0,NA,252.83769031917825
4005,324,2,2,0,FALSE,0,32,1,5,0,NA,252.83769031917825
4005,72,5,2,1,FALSE,0,8,0,5,0,NA,252.83769031917825
4005,22,4,1,1,FALSE,1,2,1,5,0.5642361111111109,1521575381,252.83769031917825
4005,222,4,1,1,FALSE,1,23,1,5,0,NA,252.83769031917825
4005,144,3,1,0,FALSE,0,16,1,5,0.6593231162196677,1521575433,252.83769031917825
4005,242,1,3,0,FALSE,0,25,1,5,0,NA,252.83769031917825
4005,330,5,2,1,FALSE,1,33,1,5,0,NA,252.83769031917825
4005,89,4,1,1,FALSE,1,10,1,5,0.15432098765432078,1521575472,252.83769031917825
4005,351,3,1,0,FALSE,1,35,0,5,0.6290979975190507,1521575492,252.83769031917825
4005,182,3,1,0,FALSE,0,20,1,5,0,NA,252.83769031917825
4005,49,4,1,1,FALSE,1,6,1,5,0,NA,252.83769031917825
4005,133,5,2,1,FALSE,1,15,1,5,1.3216845878136207,1521575553,252.83769031917825
4005,177,2,2,0,FALSE,0,19,1,5,0,NA,252.83769031917825
4005,109,4,1,1,FALSE,1,12,1,5,0,NA,252.83769031917825
4005,91,4,1,1,FALSE,1,11,1,5,0,NA,252.83769031917825
4005,40,5,2,1,FALSE,1,5,1,5,0,NA,252.83769031917825
4005,154,4,1,1,FALSE,1,17,1,5,0,NA,252.83769031917825
4005,214,3,1,0,FALSE,0,22,1,5,0,NA,252.83769031917825
4005,165,4,1,1,FALSE,0,18,0,5,0,NA,252.83769031917825
4005,302,2,2,0,FALSE,0,31,1,5,0,NA,252.83769031917825
4005,35,2,2,0,FALSE,0,4,1,5,0.3094003094003095,1521575620,252.83769031917825
4005,236,4,1,1,FALSE,1,24,1,5,0,NA,252.83769031917825
4005,259,4,1,1,FALSE,0,26,0,5,0.20750801735521662,1521575651,252.83769031917825
4005,348,3,1,0,FALSE,0,34,1,5,2.3619742325386994e-4,1521575663,252.83769031917825
4005,12,6,3,1,FALSE,1,1,1,5,0,NA,252.83769031917825
4005,262,4,1,1,FALSE,1,27,1,5,0.1924001924001928,1521575682,252.83769031917825
4011,131,2,2,0,FALSE,0,14,1,1,0.29090393075067417,1521575850,252.83769031917825
4011,194,3,1,0,FALSE,1,21,0,1,0.8960573476702505,1521575929,252.83769031917825
4011,29,6,3,1,FALSE,1,3,1,1,0,NA,252.83769031917825
4011,271,1,3,0,FALSE,0,28,1,1,2.984563583146027e-4,1521575963,252.83769031917825
4011,364,4,1,1,FALSE,1,36,1,1,0,NA,252.83769031917825
4011,62,6,3,1,FALSE,1,7,1,1,0.04960317460317443,1521576013,252.83769031917825
4011,120,1,3,0,FALSE,0,13,1,1,0,NA,252.83769031917825
4011,282,6,3,1,FALSE,1,29,1,1,0,NA,252.83769031917825
4011,297,5,2,1,FALSE,0,30,0,1,0.9722222222222223,1521576081,252.83769031917825
4011,318,2,2,0,FALSE,0,32,1,1,0,NA,252.83769031917825
4011,72,1,3,0,FALSE,0,8,1,1,0.12378688849277086,1521576124,252.83769031917825
4011,14,6,3,1,FALSE,1,2,1,1,2.572300850167686e-4,1521576148,252.83769031917825
4011,217,2,2,0,FALSE,1,23,0,1,0.051440329218106484,1521576164,252.83769031917825
4011,142,1,3,0,FALSE,0,16,1,1,0.8357699805068219,1521576329,252.83769031917825
4011,251,1,3,0,FALSE,0,25,1,1,0,NA,252.83769031917825
4011,329,6,3,1,FALSE,1,33,1,1,1.2784090909090913,1521576354,252.83769031917825
4011,87,6,3,1,FALSE,1,10,1,1,0.4423436041083111,1521576373,252.83769031917825
4011,357,5,2,1,FALSE,1,35,1,1,0.08799003682044582,1521576391,252.83769031917825
4011,183,2,2,0,FALSE,0,20,1,1,0,NA,252.83769031917825
4011,54,4,1,1,FALSE,1,6,1,1,0.010540674603174871,1521576417,252.83769031917825
4011,135,2,2,0,FALSE,1,15,0,1,0.16595179738562038,1521576439,252.83769031917825
4011,177,2,2,0,FALSE,0,19,1,1,0,NA,252.83769031917825
4011,114,2,2,0,FALSE,1,12,0,1,0.16392118863049188,1521576692,252.83769031917825
4011,100,1,3,0,FALSE,1,11,0,1,0.027190563725490335,1521576709,252.83769031917825
4011,39,6,3,1,FALSE,1,5,1,1,0,NA,252.83769031917825
4011,155,2,2,0,FALSE,1,17,0,1,0,NA,252.83769031917825
4011,207,2,2,0,FALSE,0,22,1,1,0,NA,252.83769031917825
4011,159,2,2,0,FALSE,0,18,1,1,0,NA,252.83769031917825
4011,309,2,2,0,FALSE,0,31,1,1,0,NA,252.83769031917825
4011,31,5,2,1,TRUE,0,4,0,1,0,NA,252.83769031917825
4011,236,5,2,1,FALSE,1,24,1,1,0,NA,252.83769031917825
4011,259,2,2,0,FALSE,0,26,1,1,0,NA,252.83769031917825
4011,81,4,1,1,FALSE,0,9,0,1,0,NA,252.83769031917825
4011,349,5,2,1,FALSE,0,34,0,1,0,NA,252.83769031917825
4011,11,6,3,1,FALSE,1,1,1,1,0,NA,252.83769031917825
4011,264,4,1,1,FALSE,1,27,1,1,0,NA,252.83769031917825
2005,129,1,3,0,FALSE,0,14,1,5,0.07826278659611992,1521575321,252.83769031917825
2005,194,1,3,0,FALSE,1,21,0,5,0.985663082437276,1521575322,252.83769031917825
2005,25,1,3,0,TRUE,1,3,0,5,0,NA,252.83769031917825
2005,268,1,3,0,FALSE,0,28,1,5,0,NA,252.83769031917825
2005,367,1,3,0,FALSE,1,36,0,5,0,NA,252.83769031917825
2005,65,1,3,0,FALSE,1,7,0,5,0,NA,252.83769031917825
2005,122,1,3,0,FALSE,0,13,1,5,0,NA,252.83769031917825
2005,286,3,1,0,FALSE,1,29,0,5,0,NA,252.83769031917825
2005,290,3,1,0,FALSE,0,30,1,5,0,NA,252.83769031917825
2005,324,1,3,0,FALSE,0,32,1,5,0,NA,252.83769031917825
2005,72,3,1,0,FALSE,0,8,1,5,0,NA,252.83769031917825
2005,22,3,1,0,FALSE,1,2,0,5,0,NA,252.83769031917825
2005,222,1,3,0,FALSE,1,23,0,5,0,NA,252.83769031917825
2005,144,1,3,0,FALSE,0,16,1,5,0,NA,252.83769031917825
2005,242,1,3,0,FALSE,0,25,1,5,0,NA,252.83769031917825
2005,330,6,3,1,FALSE,1,33,1,5,0,NA,252.83769031917825
2005,89,5,2,1,FALSE,1,10,1,5,0,NA,252.83769031917825
2005,351,1,3,0,FALSE,1,35,0,5,0,NA,252.83769031917825
2005,182,1,3,0,FALSE,0,20,1,5,0,NA,252.83769031917825
2005,49,3,1,0,FALSE,1,6,0,5,0,NA,252.83769031917825
2005,133,1,3,0,FALSE,1,15,0,5,0,NA,252.83769031917825
2005,177,1,3,0,FALSE,0,19,1,5,0,NA,252.83769031917825
2005,109,1,3,0,FALSE,1,12,0,5,0,NA,252.83769031917825
2005,91,1,3,0,FALSE,1,11,0,5,0,NA,252.83769031917825
2005,40,6,3,1,FALSE,1,5,1,5,0,NA,252.83769031917825
2005,154,1,3,0,FALSE,1,17,0,5,0,NA,252.83769031917825
2005,214,1,3,0,FALSE,0,22,1,5,0,NA,252.83769031917825
2005,165,1,3,0,FALSE,0,18,1,5,0,NA,252.83769031917825
2005,302,1,3,0,FALSE,0,31,1,5,0,NA,252.83769031917825
2005,35,1,3,0,FALSE,0,4,1,5,0,NA,252.83769031917825
2005,236,1,3,0,FALSE,1,24,0,5,0,NA,252.83769031917825
2005,259,1,3,0,FALSE,0,26,1,5,0,NA,252.83769031917825
2005,76,1,3,0,FALSE,0,9,1,5,0,NA,252.83769031917825
2005,348,1,3,0,FALSE,0,34,1,5,0,NA,252.83769031917825
2005,12,6,3,1,FALSE,1,1,1,5,0,NA,252.83769031917825
2005,262,3,1,0,FALSE,1,27,0,5,0,NA,252.83769031917825
3011,131,1,3,0,FALSE,0,14,1,1,0.09578544061302681,1521575131,252.83769031917825
3011,194,6,3,1,FALSE,1,21,1,1,0,NA,252.83769031917825
3011,29,6,3,1,FALSE,1,3,1,1,0.5344742063492061,1521575151,252.83769031917825
3011,271,1,3,0,FALSE,0,28,1,1,0.5481055768412091,1521575219,252.83769031917825
3011,364,6,3,1,FALSE,1,36,1,1,0.987200435729847,1521575183,252.83769031917825
3011,62,6,3,1,FALSE,1,7,1,1,0,NA,252.83769031917825
3011,120,1,3,0,FALSE,0,13,1,1,0,NA,252.83769031917825
3011,282,6,3,1,FALSE,1,29,1,1,0,NA,252.83769031917825
3011,297,1,3,0,FALSE,0,30,1,1,0.9722222222222223,1521575302,252.83769031917825
3011,318,1,3,0,FALSE,0,32,1,1,0,NA,252.83769031917825
3011,72,1,3,0,FALSE,0,8,1,1,0.23643295702119227,1521575327,252.83769031917825
3011,14,6,3,1,FALSE,1,2,1,1,2.572300850158804e-4,1521575347,252.83769031917825
3011,217,6,3,1,FALSE,1,23,1,1,0.05144032921810693,1521575384,252.83769031917825
3011,142,1,3,0,FALSE,0,16,1,1,0.9186159844054584,1521575405,252.83769031917825
3011,251,1,3,0,FALSE,0,25,1,1,0,NA,252.83769031917825
3011,329,6,3,1,FALSE,1,33,1,1,1.27840909090909,1521575425,252.83769031917825
3011,87,6,3,1,FALSE,1,10,1,1,0.4423436041083111,1521575439,252.83769031917825
3011,357,3,1,0,FALSE,1,35,0,1,0.916450075806801,1521575464,252.83769031917825
3011,183,1,3,0,FALSE,0,20,1,1,0,NA,252.83769031917825
3011,54,6,3,1,FALSE,1,6,1,1,0,NA,252.83769031917825
3011,135,5,2,1,FALSE,1,15,1,1,0.5029616013071889,1521575545,252.83769031917825
3011,177,1,3,0,FALSE,0,19,1,1,0,NA,252.83769031917825
3011,114,4,1,1,FALSE,1,12,1,1,1.3032945736434103,1521575571,252.83769031917825
3011,100,6,3,1,FALSE,1,11,1,1,0.5872140522875817,1521575602,252.83769031917825
3011,39,6,3,1,FALSE,1,5,1,1,0.862068965517242,1521575619,252.83769031917825
3011,155,2,2,0,FALSE,1,17,0,1,0.36549707602339154,1521575629,252.83769031917825
3011,207,1,3,0,FALSE,0,22,1,1,0.7610830527497203,1521575644,252.83769031917825
3011,159,2,2,0,FALSE,0,18,1,1,0.0801282051282044,1521575658,252.83769031917825
3011,309,1,3,0,FALSE,0,31,1,1,0,NA,252.83769031917825
3011,31,5,2,1,TRUE,0,4,0,1,0.5699855699855689,1521575680,252.83769031917825
3011,236,6,3,1,FALSE,1,24,1,1,0,NA,252.83769031917825
3011,259,1,3,0,FALSE,0,26,1,1,0.5612148651197906,1521575723,252.83769031917825
3011,81,1,3,0,FALSE,0,9,1,1,0.5872140522875817,1521575730,252.83769031917825
3011,349,1,3,0,FALSE,0,34,1,1,0.9784469343292859,1521575742,252.83769031917825
3011,11,6,3,1,FALSE,1,1,1,1,0,NA,252.83769031917825
3011,264,6,3,1,FALSE,1,27,1,1,0.597117003367007,1521575752,252.83769031917825
3004,129,2,2,0,FALSE,0,14,1,4,0.07826278659611992,1521575309,252.83769031917825
3004,204,6,3,1,FALSE,1,21,1,4,0,NA,252.83769031917825
3004,26,2,2,0,FALSE,1,3,0,4,0.2502042483660132,1521575359,252.83769031917825
3004,269,2,2,0,FALSE,0,28,1,4,0.0010599511773223824,1521575443,252.83769031917825
3004,368,6,3,1,FALSE,1,36,1,4,0,NA,252.83769031917825
3004,62,6,3,1,FALSE,1,7,1,4,0,NA,252.83769031917825
3004,123,1,3,0,FALSE,0,13,1,4,0,NA,252.83769031917825
3004,279,6,3,1,FALSE,1,29,1,4,0,NA,252.83769031917825
3004,290,5,2,1,FALSE,0,30,0,4,0.8524397413286293,1521575512,252.83769031917825
3004,316,2,2,0,FALSE,0,32,1,4,0.8875234681686297,1521575566,252.83769031917825
3004,69,2,2,0,FALSE,0,8,1,4,0.4208754208754204,1521575580,252.83769031917825
3004,23,6,3,1,FALSE,1,2,1,4,1.1589714714714723,1521575601,252.83769031917825
3004,218,6,3,1,FALSE,1,23,1,4,0,NA,252.83769031917825
3004,140,2,2,0,FALSE,0,16,1,4,0.672043010752688,1521575649,252.83769031917825
3004,245,1,3,0,FALSE,0,25,1,4,0,NA,252.83769031917825
3004,336,5,2,1,FALSE,1,33,1,4,0,NA,252.83769031917825
3004,86,5,2,1,FALSE,1,10,1,4,0.6386408730158726,1521575688,252.83769031917825
3004,359,5,2,1,FALSE,1,35,1,4,0,NA,252.83769031917825
3004,188,2,2,0,FALSE,0,20,1,4,0,NA,252.83769031917825
3004,51,6,3,1,FALSE,1,6,1,4,0,NA,252.83769031917825
3004,138,6,3,1,FALSE,1,15,1,4,0.5029616013071898,1521575753,252.83769031917825
3004,175,1,3,0,FALSE,0,19,1,4,0.5824372759856624,1521575769,252.83769031917825
3004,109,1,3,0,FALSE,1,12,0,4,0.061274509803921795,1521575777,252.83769031917825
3004,94,6,3,1,FALSE,1,11,1,4,0.7335257335257337,1521575784,252.83769031917825
3004,39,6,3,1,FALSE,1,5,1,4,0,NA,252.83769031917825
3004,151,6,3,1,FALSE,1,17,1,4,0.833333333333333,1521575829,252.83769031917825
3004,211,1,3,0,FALSE,0,22,1,4,0.03173267062155993,1521575858,252.83769031917825
3004,163,2,2,0,FALSE,0,18,1,4,3.3838677131292627e-4,1521575872,252.83769031917825
3004,311,2,2,0,FALSE,0,31,1,4,0.3196022727272725,1521575889,252.83769031917825
3004,32,4,1,1,FALSE,0,4,0,4,0.586419753086421,1521575902,252.83769031917825
3004,240,6,3,1,FALSE,1,24,1,4,0,NA,252.83769031917825
3004,260,2,2,0,FALSE,0,26,1,4,0.430689102564104,1521575949,252.83769031917825
3004,77,1,3,0,FALSE,0,9,1,4,0.3975095785440619,1521575972,252.83769031917825
3004,340,1,3,0,FALSE,0,34,1,4,0.9074745034889933,1521575991,252.83769031917825
3004,4,6,3,1,FALSE,1,1,1,4,0,NA,252.83769031917825
3004,265,6,3,1,FALSE,1,27,1,4,0.5340501792114694,1521576012,252.83769031917825
3009,132,1,3,0,FALSE,0,14,1,9,0.02104377104377104,1521575138,252.83769031917825
3009,200,3,1,0,FALSE,1,21,0,9,0,NA,252.83769031917825
3009,29,6,3,1,FALSE,1,3,1,9,0.5344742063492067,1521575220,252.83769031917825
3009,273,2,2,0,FALSE,0,28,1,9,0,NA,252.83769031917825
3009,367,4,1,1,FALSE,1,36,1,9,0.34552015250544665,1521575275,252.83769031917825
3009,64,5,2,1,FALSE,1,7,1,9,0.2042483660130725,1521575297,252.83769031917825
3009,117,1,3,0,FALSE,0,13,1,9,0,NA,252.83769031917825
3009,287,6,3,1,FALSE,1,29,1,9,0,NA,252.83769031917825
3009,299,2,2,0,FALSE,0,30,1,9,0.21494708994709,1521575357,252.83769031917825
3009,321,1,3,0,FALSE,0,32,1,9,0.3074220465524815,1521575378,252.83769031917825
3009,72,2,2,0,FALSE,0,8,1,9,0,NA,252.83769031917825
3009,18,5,2,1,FALSE,1,2,1,9,0,NA,252.83769031917825
3009,221,2,2,0,FALSE,1,23,0,9,0,NA,252.83769031917825
3009,142,2,2,0,FALSE,0,16,1,9,1.977231596623774e-4,1521575455,252.83769031917825
3009,242,1,3,0,FALSE,0,25,1,9,0,NA,252.83769031917825
3009,331,6,3,1,FALSE,1,33,1,9,1.471984805318138,1521575514,252.83769031917825
3009,86,6,3,1,FALSE,1,10,1,9,0.5456349206349207,1521575504,252.83769031917825
3009,350,4,1,1,FALSE,1,35,1,9,1.041666666666667,1521575528,252.83769031917825
3009,192,1,3,0,FALSE,0,20,1,9,0,NA,252.83769031917825
3009,54,3,1,0,FALSE,1,6,0,9,0,NA,252.83769031917825
3009,138,4,1,1,FALSE,1,15,1,9,0.5029616013071898,1521575589,252.83769031917825
3009,178,1,3,0,FALSE,0,19,1,9,0.7243130227001195,1521575605,252.83769031917825
3009,113,1,3,0,FALSE,1,12,0,9,0.09689922480620083,1521575624,252.83769031917825
3009,94,5,2,1,FALSE,1,11,1,9,0.6517556517556526,1521575638,252.83769031917825
3009,37,6,3,1,FALSE,1,5,1,9,0,NA,252.83769031917825
3009,156,5,2,1,FALSE,1,17,1,9,0.8293972109761585,1521575663,252.83769031917825
3009,206,1,3,0,FALSE,0,22,1,9,0.03255208333333304,1521575692,252.83769031917825
3009,158,1,3,0,FALSE,0,18,1,9,3.193227278597277e-4,1521575705,252.83769031917825
3009,308,1,3,0,FALSE,0,31,1,9,0.0012249196190499134,1521575710,252.83769031917825
3009,35,1,3,0,FALSE,0,4,1,9,0.30940030940030905,1521575715,252.83769031917825
3009,240,5,2,1,FALSE,1,24,1,9,0.17921146953405032,1521575734,252.83769031917825
3009,260,1,3,0,FALSE,0,26,1,9,3.893562802304018e-4,1521575739,252.83769031917825
3009,73,1,3,0,FALSE,0,9,1,9,0.5002986857825551,1521575745,252.83769031917825
3009,341,1,3,0,FALSE,0,34,1,9,0.0595238095238102,1521575769,252.83769031917825
3009,9,6,3,1,FALSE,1,1,1,9,0,NA,252.83769031917825
3009,261,6,3,1,FALSE,1,27,1,9,0.4060195779303353,1521575781,252.83769031917825
2,127,1,3,0,FALSE,0,14,1,2,0.29239766081871343,1521574992,252.83769031917825
2,200,4,1,1,FALSE,1,21,1,2,0,NA,252.83769031917825
2,29,4,1,1,FALSE,1,3,1,2,0.5344742063492065,1521575102,252.83769031917825
2,276,2,2,0,FALSE,0,28,1,2,2.6143280170731753e-4,1521575111,252.83769031917825
2,370,4,1,1,FALSE,1,36,1,2,0,NA,252.83769031917825
2,60,4,1,1,FALSE,1,7,1,2,0,NA,252.83769031917825
2,124,1,3,0,FALSE,0,13,1,2,0,NA,252.83769031917825
2,289,5,2,1,FALSE,1,29,1,2,0,NA,252.83769031917825
2,294,1,3,0,FALSE,0,30,1,2,0,NA,252.83769031917825
2,314,1,3,0,FALSE,0,32,1,2,0,NA,252.83769031917825
2,68,3,1,0,FALSE,0,8,1,2,1.2389520202020203,1521575210,252.83769031917825
2,14,5,2,1,FALSE,1,2,1,2,0.43898809523809623,1521575229,252.83769031917825
2,221,4,1,1,FALSE,1,23,1,2,0.9259259259259269,1521575242,252.83769031917825
2,140,2,2,0,FALSE,0,16,1,2,0,NA,252.83769031917825
2,248,2,2,0,FALSE,0,25,1,2,0,NA,252.83769031917825
2,337,4,1,1,FALSE,1,33,1,2,1.3820806100217853,1521575290,252.83769031917825
2,86,3,1,0,FALSE,1,10,0,2,0.5456349206349209,1521575297,252.83769031917825
2,354,4,1,1,FALSE,1,35,1,2,1.6309610263858634,1521575304,252.83769031917825
2,185,1,3,0,FALSE,0,20,1,2,0,NA,252.83769031917825
2,48,6,3,1,FALSE,1,6,1,2,0,NA,252.83769031917825
2,138,2,2,0,FALSE,1,15,0,2,0,NA,252.83769031917825
2,175,1,3,0,FALSE,0,19,1,2,0,NA,252.83769031917825
2,112,3,1,0,FALSE,1,12,0,2,1.302083333333333,1521575351,252.83769031917825
2,93,4,1,1,FALSE,1,11,1,2,0.7429453262786598,1521575364,252.83769031917825
2,41,4,1,1,FALSE,1,5,1,2,1.1904761904761898,1521575401,252.83769031917825
2,151,3,1,0,FALSE,1,17,0,2,2.083333333333332,1521575408,252.83769031917825
2,208,1,3,0,FALSE,0,22,1,2,0,NA,252.83769031917825
2,168,2,2,0,FALSE,0,18,1,2,0,NA,252.83769031917825
2,311,1,3,0,FALSE,0,31,1,2,0,NA,252.83769031917825
2,35,1,3,0,FALSE,0,4,1,2,0.44931294931295085,1521575427,252.83769031917825
2,230,5,2,1,FALSE,1,24,1,2,0.5555555555555571,1521575488,252.83769031917825
2,254,4,1,1,FALSE,0,26,0,2,0.7765830346475511,1521575495,252.83769031917825
2,81,3,1,0,FALSE,0,9,1,2,0,NA,252.83769031917825
2,349,3,1,0,FALSE,0,34,1,2,1.406395891690007,1521575512,252.83769031917825
2,12,5,2,1,FALSE,1,1,1,2,0,NA,252.83769031917825
2,265,4,1,1,FALSE,1,27,1,2,0.5340501792114711,1521575528,252.83769031917825
4010,132,1,3,0,FALSE,0,14,1,0,0.2985585016835016,1521575197,252.83769031917825
4010,194,6,3,1,FALSE,1,21,1,0,0,NA,252.83769031917825
4010,27,1,3,0,FALSE,1,3,0,0,0.15835496230379476,1521575259,252.83769031917825
4010,270,1,3,0,FALSE,0,28,1,0,2.3008407818136956e-4,1521575275,252.83769031917825
4010,371,6,3,1,FALSE,1,36,1,0,0,NA,252.83769031917825
4010,66,5,2,1,FALSE,1,7,1,0,0,NA,252.83769031917825
4010,120,1,3,0,FALSE,0,13,1,0,0,NA,252.83769031917825
4010,281,6,3,1,FALSE,1,29,1,0,0,NA,252.83769031917825
4010,299,5,2,1,FALSE,0,30,0,0,0.7771164021164023,1521575394,252.83769031917825
4010,325,1,3,0,FALSE,0,32,1,0,1.0141093474426803,1521575424,252.83769031917825
4010,69,2,2,0,FALSE,0,8,1,0,0.3367003367003374,1521575461,252.83769031917825
4010,17,6,3,1,FALSE,1,2,1,0,2.777061116847612e-4,1521575482,252.83769031917825
4010,223,2,2,0,FALSE,1,23,0,0,0.5847953216374262,1521575516,252.83769031917825
4010,150,1,3,0,FALSE,0,16,1,0,2.0403417628989118e-4,1521575552,252.83769031917825
4010,244,1,3,0,FALSE,0,25,1,0,0,NA,252.83769031917825
4010,333,6,3,1,FALSE,1,33,1,0,0,NA,252.83769031917825
4010,90,1,3,0,FALSE,1,10,0,0,0.4166666666666674,1521575583,252.83769031917825
4010,352,3,1,0,FALSE,1,35,0,0,0.5125661375661372,1521575617,252.83769031917825
4010,192,1,3,0,FALSE,0,20,1,0,0,NA,252.83769031917825
4010,53,6,3,1,FALSE,1,6,1,0,0,NA,252.83769031917825
4010,134,3,1,0,FALSE,1,15,0,0,0.6714665032679745,1521575672,252.83769031917825
4010,177,1,3,0,FALSE,0,19,1,0,0,NA,252.83769031917825
4010,110,1,3,0,FALSE,1,12,0,0,0.07882882882882836,1521575710,252.83769031917825
4010,96,6,3,1,FALSE,1,11,1,0,2.459130653758024e-4,1521575733,252.83769031917825
4010,40,6,3,1,FALSE,1,5,1,0,0,NA,252.83769031917825
4010,155,6,3,1,FALSE,1,17,1,0,0.21929824561403422,1521575758,252.83769031917825
4010,205,1,3,0,FALSE,0,22,1,0,0.030860692625398478,1521575775,252.83769031917825
4010,167,1,3,0,FALSE,0,18,1,0,0,NA,252.83769031917825
4010,304,1,3,0,FALSE,0,31,1,0,0,NA,252.83769031917825
4010,31,1,3,0,TRUE,0,4,1,0,0.16113516113516102,1521575811,252.83769031917825
4010,235,2,2,0,FALSE,1,24,0,0,0,NA,252.83769031917825
4010,255,1,3,0,FALSE,0,26,1,0,0.2723311546840961,1521575871,252.83769031917825
4010,78,4,1,1,FALSE,0,9,0,0,2.0442133791398476e-4,1521575903,252.83769031917825
4010,347,1,3,0,FALSE,0,34,1,0,0.2563719633612118,1521575932,252.83769031917825
4010,9,5,2,1,FALSE,1,1,1,0,0,NA,252.83769031917825
4010,264,2,2,0,FALSE,1,27,0,0,0,NA,252.83769031917825
4009,132,2,2,0,FALSE,0,14,1,9,0.40772306397306324,1521574865,252.83769031917825
4009,200,5,2,1,FALSE,1,21,1,9,1.0942760942760943,1521574905,252.83769031917825
4009,29,6,3,1,FALSE,1,3,1,9,0.5344742063492065,1521574927,252.83769031917825
4009,273,1,3,0,FALSE,0,28,1,9,0,NA,252.83769031917825
4009,367,6,3,1,FALSE,1,36,1,9,0,NA,252.83769031917825
4009,64,6,3,1,FALSE,1,7,1,9,0,NA,252.83769031917825
4009,117,1,3,0,FALSE,0,13,1,9,0,NA,252.83769031917825
4009,287,6,3,1,FALSE,1,29,1,9,0,NA,252.83769031917825
4009,299,2,2,0,FALSE,0,30,1,9,0.8597883597883595,1521574989,252.83769031917825
4009,321,2,2,0,FALSE,0,32,1,9,0,NA,252.83769031917825
4009,72,2,2,0,FALSE,0,8,1,9,0.23643295702119227,1521575018,252.83769031917825
4009,18,5,2,1,FALSE,1,2,1,9,0,NA,252.83769031917825
4009,221,6,3,1,FALSE,1,23,1,9,0.6734006734006739,1521575047,252.83769031917825
4009,142,3,1,0,FALSE,0,16,1,9,1.3053467000867514e-4,1521575077,252.83769031917825
4009,242,1,3,0,FALSE,0,25,1,9,0.9432182607055268,1521575105,252.83769031917825
4009,331,5,2,1,FALSE,1,33,1,9,0,NA,252.83769031917825
4009,86,5,2,1,FALSE,1,10,1,9,0,NA,252.83769031917825
4009,350,3,1,0,FALSE,1,35,0,9,0,NA,252.83769031917825
4009,192,1,3,0,FALSE,0,20,1,9,0,NA,252.83769031917825
4009,54,6,3,1,FALSE,1,6,1,9,0,NA,252.83769031917825
4009,138,2,2,0,FALSE,1,15,0,9,0,NA,252.83769031917825
4009,178,1,3,0,FALSE,0,19,1,9,0,NA,252.83769031917825
4009,113,5,2,1,FALSE,1,12,1,9,0,NA,252.83769031917825
4009,94,5,2,1,FALSE,1,11,1,9,0,NA,252.83769031917825
4009,37,6,3,1,FALSE,1,5,1,9,0,NA,252.83769031917825
4009,156,5,2,1,FALSE,1,17,1,9,0,NA,252.83769031917825
4009,206,2,2,0,FALSE,0,22,1,9,0,NA,252.83769031917825
4009,158,2,2,0,FALSE,0,18,1,9,0,NA,252.83769031917825
4009,308,1,3,0,FALSE,0,31,1,9,0,NA,252.83769031917825
4009,35,2,2,0,FALSE,0,4,1,9,0,NA,252.83769031917825
4009,240,5,2,1,FALSE,1,24,1,9,0,NA,252.83769031917825
4009,260,2,2,0,FALSE,0,26,1,9,0,NA,252.83769031917825
4009,73,5,2,1,FALSE,0,9,0,9,0,NA,252.83769031917825
4009,341,2,2,0,FALSE,0,34,1,9,0,NA,252.83769031917825
4009,9,6,3,1,FALSE,1,1,1,9,0,NA,252.83769031917825
4009,261,5,2,1,FALSE,1,27,1,9,0,NA,252.83769031917825
3001,131,1,3,0,FALSE,0,14,1,1,0,NA,252.83769031917825
3001,194,5,2,1,FALSE,1,21,1,1,0,NA,252.83769031917825
3001,29,3,1,0,FALSE,1,3,0,1,0,NA,252.83769031917825
3001,271,2,2,0,FALSE,0,28,1,1,0,NA,252.83769031917825
3001,364,6,3,1,FALSE,1,36,1,1,0,NA,252.83769031917825
3001,62,5,2,1,FALSE,1,7,1,1,0,NA,252.83769031917825
3001,120,1,3,0,FALSE,0,13,1,1,0,NA,252.83769031917825
3001,282,5,2,1,FALSE,1,29,1,1,0,NA,252.83769031917825
3001,297,1,3,0,FALSE,0,30,1,1,0,NA,252.83769031917825
3001,318,1,3,0,FALSE,0,32,1,1,0,NA,252.83769031917825
3001,72,1,3,0,FALSE,0,8,1,1,0,NA,252.83769031917825
3001,14,6,3,1,FALSE,1,2,1,1,0,NA,252.83769031917825
3001,217,4,1,1,FALSE,1,23,1,1,0,NA,252.83769031917825
3001,142,5,2,1,FALSE,0,16,0,1,0,NA,252.83769031917825
3001,251,1,3,0,FALSE,0,25,1,1,0,NA,252.83769031917825
3001,329,5,2,1,FALSE,1,33,1,1,0,NA,252.83769031917825
3001,87,5,2,1,FALSE,1,10,1,1,0,NA,252.83769031917825
3001,357,3,1,0,FALSE,1,35,0,1,0,NA,252.83769031917825
3001,183,1,3,0,FALSE,0,20,1,1,0,NA,252.83769031917825
3001,54,5,2,1,FALSE,1,6,1,1,0,NA,252.83769031917825
3001,135,4,1,1,FALSE,1,15,1,1,0.16595179738562038,1521575034,252.83769031917825
3001,177,1,3,0,FALSE,0,19,1,1,0,NA,252.83769031917825
3001,114,4,1,1,FALSE,1,12,1,1,0,NA,252.83769031917825
3001,100,4,1,1,FALSE,1,11,1,1,0.5029616013071895,1521575007,252.83769031917825
3001,39,6,3,1,FALSE,1,5,1,1,0,NA,252.83769031917825
3001,155,4,1,1,FALSE,1,17,1,1,0,NA,252.83769031917825
3001,207,2,2,0,FALSE,0,22,1,1,0,NA,252.83769031917825
3001,159,1,3,0,FALSE,0,18,1,1,0,NA,252.83769031917825
3001,309,1,3,0,FALSE,0,31,1,1,0,NA,252.83769031917825
3001,31,5,2,1,TRUE,0,4,0,1,0,NA,252.83769031917825
3001,236,5,2,1,FALSE,1,24,1,1,0,NA,252.83769031917825
3001,259,1,3,0,FALSE,0,26,1,1,0,NA,252.83769031917825
3001,81,5,2,1,FALSE,0,9,0,1,0,NA,252.83769031917825
3001,349,1,3,0,FALSE,0,34,1,1,0,NA,252.83769031917825
3001,11,6,3,1,FALSE,1,1,1,1,0,NA,252.83769031917825
3001,264,3,1,0,FALSE,1,27,0,1,0,NA,252.83769031917825
4006,131,2,2,0,FALSE,0,14,1,6,0.09578544061302681,1521575272,252.83769031917825
4006,201,6,3,1,FALSE,1,21,1,6,0,NA,252.83769031917825
4006,25,5,2,1,TRUE,1,3,1,6,0.22522522522522542,1521575321,252.83769031917825
4006,270,1,3,0,FALSE,0,28,1,6,2.300840781815916e-4,1521575349,252.83769031917825
4006,367,6,3,1,FALSE,1,36,1,6,0,NA,252.83769031917825
4006,62,6,3,1,FALSE,1,7,1,6,0,NA,252.83769031917825
4006,125,1,3,0,FALSE,0,13,1,6,0,NA,252.83769031917825
4006,287,5,2,1,FALSE,1,29,1,6,0,NA,252.83769031917825
4006,290,4,1,1,FALSE,0,30,0,6,3.640182518753754e-4,1521575511,252.83769031917825
4006,314,2,2,0,FALSE,0,32,1,6,0,NA,252.83769031917825
4006,69,4,1,1,FALSE,0,8,0,6,0.42087542087542107,1521575611,252.83769031917825
4006,22,6,3,1,FALSE,1,2,1,6,2.5381741390484436e-4,1521575666,252.83769031917825
4006,217,6,3,1,FALSE,1,23,1,6,0.05144032921810693,1521575702,252.83769031917825
4006,139,2,2,0,FALSE,0,16,1,6,2.0163581638665828e-4,1521575767,252.83769031917825
4006,245,1,3,0,FALSE,0,25,1,6,0,NA,252.83769031917825
4006,327,6,3,1,FALSE,1,33,1,6,0,NA,252.83769031917825
4006,87,5,2,1,FALSE,1,10,1,6,0.12021475256769398,1521575843,252.83769031917825
4006,350,5,2,1,FALSE,1,35,1,6,0.14880952380952428,1521575856,252.83769031917825
4006,182,1,3,0,FALSE,0,20,1,6,0,NA,252.83769031917825
4006,47,6,3,1,FALSE,1,6,1,6,0.11904761904761951,1521575995,252.83769031917825
4006,134,2,2,0,FALSE,1,15,0,6,0.16595179738562038,1521576038,252.83769031917825
4006,175,1,3,0,FALSE,0,19,1,6,0,NA,252.83769031917825
4006,113,5,2,1,FALSE,1,12,1,6,0.3649870801033599,1521576080,252.83769031917825
4006,99,6,3,1,FALSE,1,11,1,6,2.4229964890354339e-4,1521576194,252.83769031917825
4006,41,6,3,1,FALSE,1,5,1,6,0,NA,252.83769031917825
4006,156,5,2,1,FALSE,1,17,1,6,0.17993702204228557,1521576265,252.83769031917825
4006,215,1,3,0,FALSE,0,22,1,6,0.06313131313131337,1521576339,252.83769031917825
4006,164,2,2,0,FALSE,0,18,1,6,0,NA,252.83769031917825
4006,308,1,3,0,FALSE,0,31,1,6,0,NA,252.83769031917825
4006,35,1,3,0,FALSE,0,4,1,6,0.22977522977522957,1521576396,252.83769031917825
4006,240,5,2,1,FALSE,1,24,1,6,0,NA,252.83769031917825
4006,259,2,2,0,FALSE,0,26,1,6,0,NA,252.83769031917825
4006,79,3,1,0,FALSE,0,9,1,6,2.718214335772906e-4,1521576609,252.83769031917825
4006,346,1,3,0,FALSE,0,34,1,6,0.08954266766766761,1521576562,252.83769031917825
4006,9,6,3,1,FALSE,1,1,1,6,0,NA,252.83769031917825
4006,265,5,2,1,FALSE,1,27,1,6,0,NA,252.83769031917825
4001,131,4,1,1,FALSE,0,14,0,1,0,NA,252.83769031917825
4001,194,3,1,0,FALSE,1,21,0,1,0,NA,252.83769031917825
4001,29,5,2,1,FALSE,1,3,1,1,0,NA,252.83769031917825
4001,271,2,2,0,FALSE,0,28,1,1,0,NA,252.83769031917825
4001,364,5,2,1,FALSE,1,36,1,1,0,NA,252.83769031917825
4001,62,6,3,1,FALSE,1,7,1,1,0,NA,252.83769031917825
4001,120,1,3,0,FALSE,0,13,1,1,0,NA,252.83769031917825
4001,282,5,2,1,FALSE,1,29,1,1,0,NA,252.83769031917825
4001,297,2,2,0,FALSE,0,30,1,1,0.5,1521575265,252.83769031917825
4001,318,4,1,1,FALSE,0,32,0,1,0,NA,252.83769031917825
4001,72,5,2,1,FALSE,0,8,0,1,0.2067241037829276,1521575303,252.83769031917825
4001,14,6,3,1,FALSE,1,2,1,1,0.375744047619048,1521575329,252.83769031917825
4001,217,3,1,0,FALSE,1,23,0,1,1.0185185185185188,1521575349,252.83769031917825
4001,142,5,2,1,FALSE,0,16,0,1,1.3053467000867514e-4,1521575374,252.83769031917825
4001,251,1,3,0,FALSE,0,25,1,1,0.7977207977207978,1521575386,252.83769031917825
4001,329,5,2,1,FALSE,1,33,1,1,0,NA,252.83769031917825
4001,87,4,1,1,FALSE,1,10,1,1,0,NA,252.83769031917825
4001,357,2,2,0,FALSE,1,35,0,1,0.43182802685726696,1521575417,252.83769031917825
4001,183,1,3,0,FALSE,0,20,1,1,0,NA,252.83769031917825
4001,54,5,2,1,FALSE,1,6,1,1,0.010540674603174871,1521575497,252.83769031917825
4001,135,3,1,0,FALSE,1,15,0,1,0,NA,252.83769031917825
4001,177,1,3,0,FALSE,0,19,1,1,1.3425925925925921,1521575470,252.83769031917825
4001,114,3,1,0,FALSE,1,12,0,1,0.13404392764857986,1521575460,252.83769031917825
4001,100,2,2,0,FALSE,1,11,0,1,0.5029616013071889,1521575446,252.83769031917825
4001,39,5,2,1,FALSE,1,5,1,1,0,NA,252.83769031917825
4001,155,4,1,1,FALSE,1,17,1,1,0.14619883040935644,1521575527,252.83769031917825
4001,207,4,1,1,FALSE,0,22,0,1,0,NA,252.83769031917825
4001,159,2,2,0,FALSE,0,18,1,1,0,NA,252.83769031917825
4001,309,1,3,0,FALSE,0,31,1,1,0,NA,252.83769031917825
4001,31,2,2,0,TRUE,0,4,1,1,0,NA,252.83769031917825
4001,236,5,2,1,FALSE,1,24,1,1,0,NA,252.83769031917825
4001,259,3,1,0,FALSE,0,26,1,1,0,NA,252.83769031917825
4001,81,2,2,0,FALSE,0,9,1,1,0,NA,252.83769031917825
4001,349,2,2,0,FALSE,0,34,1,1,0,NA,252.83769031917825
4001,11,6,3,1,FALSE,1,1,1,1,0,NA,252.83769031917825
4001,264,5,2,1,FALSE,1,27,1,1,0,NA,252.83769031917825
2006,131,2,2,0,FALSE,0,14,1,6,0.09578544061302681,1521576063,252.83769031917825
2006,201,5,2,1,FALSE,1,21,1,6,0,NA,252.83769031917825
2006,25,3,1,0,TRUE,1,3,0,6,0.22522522522522542,1521576101,252.83769031917825
2006,270,2,2,0,FALSE,0,28,1,6,0.9166666666666666,1521576112,252.83769031917825
2006,367,5,2,1,FALSE,1,36,1,6,0,NA,252.83769031917825
2006,62,6,3,1,FALSE,1,7,1,6,0.04960317460317465,1521576134,252.83769031917825
2006,125,2,2,0,FALSE,0,13,1,6,0.6971677559912861,1521576169,252.83769031917825
2006,287,5,2,1,FALSE,1,29,1,6,0,NA,252.83769031917825
2006,290,3,1,0,FALSE,0,30,1,6,0.8524397413286295,1521576181,252.83769031917825
2006,314,2,2,0,FALSE,0,32,1,6,1.0730286738351262,1521576192,252.83769031917825
2006,69,2,2,0,FALSE,0,8,1,6,0.3367003367003365,1521576207,252.83769031917825
2006,22,5,2,1,FALSE,1,2,1,6,0.5642361111111116,1521576239,252.83769031917825
2006,217,4,1,1,FALSE,1,23,1,6,1.0185185185185182,1521576255,252.83769031917825
2006,139,5,2,1,FALSE,0,16,0,6,0.5414746543778808,1521576274,252.83769031917825
2006,245,1,3,0,FALSE,0,25,1,6,2.1519543258673695,1521576290,252.83769031917825
2006,327,5,2,1,FALSE,1,33,1,6,1.0889292196007236,1521576302,252.83769031917825
2006,87,4,1,1,FALSE,1,10,1,6,0.28127917833800353,1521576311,252.83769031917825
2006,350,4,1,1,FALSE,1,35,1,6,0.7242063492063497,1521576326,252.83769031917825
2006,182,2,2,0,FALSE,0,20,1,6,1.7676767676767664,1521576356,252.83769031917825
2006,47,6,3,1,FALSE,1,6,1,6,0.010078105316202013,1521576371,252.83769031917825
2006,134,5,2,1,FALSE,1,15,1,6,0.16595179738562216,1521576376,252.83769031917825
2006,175,1,3,0,FALSE,0,19,1,6,1.702508960573475,1521576390,252.83769031917825
2006,113,5,2,1,FALSE,1,12,1,6,0.23094315245477937,1521576401,252.83769031917825
2006,99,6,3,1,FALSE,1,11,1,6,0.2794312169312203,1521576412,252.83769031917825
2006,41,5,2,1,FALSE,1,5,1,6,0,NA,252.83769031917825
2006,156,5,2,1,FALSE,1,17,1,6,0.1077747788274106,1521576436,252.83769031917825
2006,215,3,1,0,FALSE,0,22,1,6,0.7070707070707059,1521576445,252.83769031917825
2006,164,4,1,1,FALSE,0,18,0,6,0.1683501683501678,1521576451,252.83769031917825
2006,308,2,2,0,FALSE,0,31,1,6,1.5307877536979682,1521576459,252.83769031917825
2006,35,3,1,0,FALSE,0,4,1,6,0.2297752297752318,1521576472,252.83769031917825
2006,240,5,2,1,FALSE,1,24,1,6,0.35842293906809886,1521576488,252.83769031917825
2006,259,2,2,0,FALSE,0,26,1,6,0,NA,252.83769031917825
2006,79,4,1,1,FALSE,0,9,0,6,0.495390325670499,1521576499,252.83769031917825
2006,346,1,3,0,FALSE,0,34,1,6,0.8758758758758738,1521576512,252.83769031917825
2006,9,6,3,1,FALSE,1,1,1,6,0,NA,252.83769031917825
2006,265,6,3,1,FALSE,1,27,1,6,0.5340501792114729,1521576528,252.83769031917825
2002,127,2,2,0,FALSE,0,14,1,2,0.29239766081871343,1521575374,252.83769031917825
2002,200,5,2,1,FALSE,1,21,1,2,0,NA,252.83769031917825
2002,29,6,3,1,FALSE,1,3,1,2,0.5344742063492065,1521575409,252.83769031917825
2002,276,2,2,0,FALSE,0,28,1,2,0,NA,252.83769031917825
2002,370,4,1,1,FALSE,1,36,1,2,0,NA,252.83769031917825
2002,60,6,3,1,FALSE,1,7,1,2,0.8417508417508414,1521575488,252.83769031917825
2002,124,5,2,1,FALSE,0,13,0,2,0,NA,252.83769031917825
2002,289,4,1,1,FALSE,1,29,1,2,0,NA,252.83769031917825
2002,294,2,2,0,FALSE,0,30,1,2,3.311330075275176e-4,1521575577,252.83769031917825
2002,314,2,2,0,FALSE,0,32,1,2,0,NA,252.83769031917825
2002,68,2,2,0,FALSE,0,8,1,2,0.12801627384960756,1521575604,252.83769031917825
2002,14,5,2,1,FALSE,1,2,1,2,0.37574404761904745,1521575618,252.83769031917825
2002,221,4,1,1,FALSE,1,23,1,2,0.011223344556678061,1521575646,252.83769031917825
2002,140,2,2,0,FALSE,0,16,1,2,0,NA,252.83769031917825
2002,248,1,3,0,FALSE,0,25,1,2,0,NA,252.83769031917825
2002,337,5,2,1,FALSE,1,33,1,2,0,NA,252.83769031917825
2002,86,6,3,1,FALSE,1,10,1,2,0.5456349206349205,1521575686,252.83769031917825
2002,354,1,3,0,FALSE,1,35,0,2,0.5242374727668841,1521575697,252.83769031917825
2002,185,2,2,0,FALSE,0,20,1,2,2.7826171118894294e-4,1521575754,252.83769031917825
2002,48,2,2,0,FALSE,1,6,0,2,0,NA,252.83769031917825
2002,138,6,3,1,FALSE,1,15,1,2,0.5029616013071907,1521575774,252.83769031917825
2002,175,1,3,0,FALSE,0,19,1,2,0,NA,252.83769031917825
2002,112,1,3,0,FALSE,1,12,0,2,0.15432098765432078,1521575799,252.83769031917825
2002,93,6,3,1,FALSE,1,11,1,2,0.49107142857142927,1521575806,252.83769031917825
2002,41,6,3,1,FALSE,1,5,1,2,0,NA,252.83769031917825
2002,151,6,3,1,FALSE,1,17,1,2,0.7638888888888884,1521575836,252.83769031917825
2002,208,1,3,0,FALSE,0,22,1,2,0.7397102985338284,1521575847,252.83769031917825
2002,168,2,2,0,FALSE,0,18,1,2,0,NA,252.83769031917825
2002,311,1,3,0,FALSE,0,31,1,2,0.25015782828282784,1521575877,252.83769031917825
2002,35,1,3,0,FALSE,0,4,1,2,0.39784102284102296,1521575880,252.83769031917825
2002,230,5,2,1,FALSE,1,24,1,2,0,NA,252.83769031917825
2002,254,5,2,1,FALSE,0,26,0,2,0.7765830346475502,1521575950,252.83769031917825
2002,81,1,3,0,FALSE,0,9,1,2,0.5872140522875808,1521575970,252.83769031917825
2002,349,1,3,0,FALSE,0,34,1,2,0.9784469343292876,1521575980,252.83769031917825
2002,12,6,3,1,FALSE,1,1,1,2,0,NA,252.83769031917825
2002,265,6,3,1,FALSE,1,27,1,2,0.5340501792114694,1521575995,252.83769031917825
4003,130,1,3,0,FALSE,0,14,1,3,0,NA,252.83769031917825
4003,201,1,3,0,FALSE,1,21,0,3,0.8960573476702509,1521575112,252.83769031917825
4003,25,6,3,1,TRUE,1,3,1,3,0,NA,252.83769031917825
4003,274,3,1,0,FALSE,0,28,1,3,0,NA,252.83769031917825
4003,371,6,3,1,FALSE,1,36,1,3,0.4261363636363636,1521575048,252.83769031917825
4003,63,6,3,1,FALSE,1,7,1,3,0.025793650793651257,1521575077,252.83769031917825
4003,120,1,3,0,FALSE,0,13,1,3,0,NA,252.83769031917825
4003,283,6,3,1,FALSE,1,29,1,3,0,NA,252.83769031917825
4003,299,5,2,1,FALSE,0,30,0,3,0.6696428571428574,1521575166,252.83769031917825
4003,319,1,3,0,FALSE,0,32,1,3,0,NA,252.83769031917825
4003,68,2,2,0,FALSE,0,8,1,3,0.12757786195286203,1521575216,252.83769031917825
4003,23,5,2,1,FALSE,1,2,1,3,0.5114489489489489,1521575199,252.83769031917825
4003,217,1,3,0,FALSE,1,23,0,3,0,NA,252.83769031917825
4003,141,1,3,0,FALSE,0,16,1,3,0,NA,252.83769031917825
4003,247,1,3,0,FALSE,0,25,1,3,0,NA,252.83769031917825
4003,326,6,3,1,FALSE,1,33,1,3,0,NA,252.83769031917825
4003,88,6,3,1,FALSE,1,10,1,3,0.6349206349206349,1521575315,252.83769031917825
4003,355,1,3,0,FALSE,1,35,0,3,0.6105743424584005,1521575324,252.83769031917825
4003,190,1,3,0,FALSE,0,20,1,3,0,NA,252.83769031917825
4003,53,6,3,1,FALSE,1,6,1,3,0,NA,252.83769031917825
4003,137,2,2,0,FALSE,1,15,0,3,0,NA,252.83769031917825
4003,180,1,3,0,FALSE,0,19,1,3,0,NA,252.83769031917825
4003,110,2,2,0,FALSE,1,12,0,3,0.009957874541207001,1521575393,252.83769031917825
4003,100,2,2,0,FALSE,1,11,0,3,0.027190563725490335,1521575384,252.83769031917825
4003,40,6,3,1,FALSE,1,5,1,3,0,NA,252.83769031917825
4003,156,1,3,0,FALSE,1,17,0,3,0.7216224321487479,1521575480,252.83769031917825
4003,212,1,3,0,FALSE,0,22,1,3,0,NA,252.83769031917825
4003,162,1,3,0,FALSE,0,18,1,3,0,NA,252.83769031917825
4003,307,1,3,0,FALSE,0,31,1,3,0,NA,252.83769031917825
4003,31,6,3,1,TRUE,0,4,0,3,0,NA,252.83769031917825
4003,234,6,3,1,FALSE,1,24,1,3,0,NA,252.83769031917825
4003,260,1,3,0,FALSE,0,26,1,3,0,NA,252.83769031917825
4003,83,5,2,1,FALSE,0,9,0,3,0,NA,252.83769031917825
4003,339,5,2,1,FALSE,0,34,0,3,0,NA,252.83769031917825
4003,1,6,3,1,TRUE,1,1,1,3,0,NA,252.83769031917825
4003,264,4,1,1,FALSE,1,27,1,3,0,NA,252.83769031917825
3002,127,2,2,0,FALSE,0,14,1,2,0,NA,252.83769031917825
3002,200,2,2,0,FALSE,1,21,0,2,2.0089518896201474e-4,1521575175,252.83769031917825
3002,29,5,2,1,FALSE,1,3,1,2,0,NA,252.83769031917825
3002,276,3,1,0,FALSE,0,28,1,2,0,NA,252.83769031917825
3002,370,5,2,1,FALSE,1,36,1,2,0,NA,252.83769031917825
3002,60,6,3,1,FALSE,1,7,1,2,0,NA,252.83769031917825
3002,124,1,3,0,FALSE,0,13,1,2,0,NA,252.83769031917825
3002,289,6,3,1,FALSE,1,29,1,2,0,NA,252.83769031917825
3002,294,1,3,0,FALSE,0,30,1,2,0,NA,252.83769031917825
3002,314,1,3,0,FALSE,0,32,1,2,0,NA,252.83769031917825
3002,68,5,2,1,FALSE,0,8,0,2,0.21306818181818182,1521575388,252.83769031917825
3002,14,6,3,1,FALSE,1,2,1,2,2.572300850166298e-4,1521575412,252.83769031917825
3002,221,5,2,1,FALSE,1,23,1,2,0,NA,252.83769031917825
3002,140,2,2,0,FALSE,0,16,1,2,2.1385616889457726e-4,1521575498,252.83769031917825
3002,248,1,3,0,FALSE,0,25,1,2,0,NA,252.83769031917825
3002,337,5,2,1,FALSE,1,33,1,2,0,NA,252.83769031917825
3002,86,2,2,0,FALSE,1,10,0,2,0.2666170634920633,1521575543,252.83769031917825
3002,354,2,2,0,FALSE,1,35,0,2,0,NA,252.83769031917825
3002,185,1,3,0,FALSE,0,20,1,2,0,NA,252.83769031917825
3002,48,6,3,1,FALSE,1,6,1,2,0,NA,252.83769031917825
3002,138,4,1,1,FALSE,1,15,1,2,0,NA,252.83769031917825
3002,175,1,3,0,FALSE,0,19,1,2,0,NA,252.83769031917825
3002,112,4,1,1,FALSE,1,12,1,2,1.9566354341576941e-4,1521575655,252.83769031917825
3002,93,5,2,1,FALSE,1,11,1,2,2.4229964890432054e-4,1521575678,252.83769031917825
3002,41,5,2,1,FALSE,1,5,1,2,2.457123200153011e-4,1521575698,252.83769031917825
3002,151,5,2,1,FALSE,1,17,1,2,2.1499828001392274e-4,1521575707,252.83769031917825
3002,208,2,2,0,FALSE,0,22,1,2,0,NA,252.83769031917825
3002,168,3,1,0,FALSE,0,18,1,2,0,NA,252.83769031917825
3002,311,1,3,0,FALSE,0,31,1,2,0,NA,252.83769031917825
3002,35,5,2,1,FALSE,0,4,0,2,0,NA,252.83769031917825
3002,230,5,2,1,FALSE,1,24,1,2,0,NA,252.83769031917825
3002,254,5,2,1,FALSE,0,26,0,2,0,NA,252.83769031917825
3002,81,3,1,0,FALSE,0,9,1,2,2.0107983527573037e-4,1521575792,252.83769031917825
3002,349,1,3,0,FALSE,0,34,1,2,0.09823373793962026,1521575802,252.83769031917825
3002,12,6,3,1,FALSE,1,1,1,2,0,NA,252.83769031917825
3002,265,5,2,1,FALSE,1,27,1,2,0,NA,252.83769031917825
4002,127,1,3,0,FALSE,0,14,1,2,0,NA,252.83769031917825
4002,200,6,3,1,FALSE,1,21,1,2,0,NA,252.83769031917825
4002,29,3,1,0,FALSE,1,3,0,2,0,NA,252.83769031917825
4002,276,1,3,0,FALSE,0,28,1,2,0,NA,252.83769031917825
4002,370,2,2,0,FALSE,1,36,0,2,0,NA,252.83769031917825
4002,60,6,3,1,FALSE,1,7,1,2,0,NA,252.83769031917825
4002,124,1,3,0,FALSE,0,13,1,2,0,NA,252.83769031917825
4002,289,2,2,0,FALSE,1,29,0,2,0,NA,252.83769031917825
4002,294,1,3,0,FALSE,0,30,1,2,0,NA,252.83769031917825
4002,314,1,3,0,FALSE,0,32,1,2,0,NA,252.83769031917825
4002,68,6,3,1,FALSE,0,8,0,2,0,NA,252.83769031917825
4002,14,6,3,1,FALSE,1,2,1,2,0,NA,252.83769031917825
4002,221,1,3,0,FALSE,1,23,0,2,0,NA,252.83769031917825
4002,140,2,2,0,FALSE,0,16,1,2,0.8960573476702508,1521575568,252.83769031917825
4002,248,1,3,0,FALSE,0,25,1,2,0,NA,252.83769031917825
4002,337,5,2,1,FALSE,1,33,1,2,0,NA,252.83769031917825
4002,86,5,2,1,FALSE,1,10,1,2,0.35962301587301593,1521575624,252.83769031917825
4002,354,2,2,0,FALSE,1,35,0,2,0.01188747103779808,1521575645,252.83769031917825
4002,185,1,3,0,FALSE,0,20,1,2,0,NA,252.83769031917825
4002,48,6,3,1,FALSE,1,6,1,2,0,NA,252.83769031917825
4002,138,1,3,0,FALSE,1,15,0,2,0,NA,252.83769031917825
4002,175,1,3,0,FALSE,0,19,1,2,0,NA,252.83769031917825
4002,112,1,3,0,FALSE,1,12,0,2,0.15432098765432123,1521575707,252.83769031917825
4002,93,6,3,1,FALSE,1,11,1,2,0,NA,252.83769031917825
4002,41,5,2,1,FALSE,1,5,1,2,1.1904761904761902,1521575757,252.83769031917825
4002,151,1,3,0,FALSE,1,17,0,2,0,NA,252.83769031917825
4002,208,1,3,0,FALSE,0,22,1,2,0,NA,252.83769031917825
4002,168,2,2,0,FALSE,0,18,1,2,0,NA,252.83769031917825
4002,311,1,3,0,FALSE,0,31,1,2,0,NA,252.83769031917825
4002,35,2,2,0,FALSE,0,4,1,2,0,NA,252.83769031917825
4002,230,2,2,0,FALSE,1,24,0,2,0.6944444444444446,1521575828,252.83769031917825
4002,254,5,2,1,FALSE,0,26,0,2,0,NA,252.83769031917825
4002,81,5,2,1,FALSE,0,9,0,2,0,NA,252.83769031917825
4002,349,1,3,0,FALSE,0,34,1,2,0.06127450980392046,1521575912,252.83769031917825
4002,12,6,3,1,FALSE,1,1,1,2,0,NA,252.83769031917825
4002,265,2,2,0,FALSE,1,27,0,2,0,NA,252.83769031917825
3010,132,1,3,0,FALSE,0,14,1,0,0,NA,252.83769031917825
3010,194,2,2,0,FALSE,1,21,0,0,0.985663082437276,1521575096,252.83769031917825
3010,27,5,2,1,FALSE,1,3,1,0,0,NA,252.83769031917825
3010,270,2,2,0,FALSE,0,28,1,0,0,NA,252.83769031917825
3010,371,6,3,1,FALSE,1,36,1,0,0.2663352272727272,1521575155,252.83769031917825
3010,66,6,3,1,FALSE,1,7,1,0,0,NA,252.83769031917825
3010,120,1,3,0,FALSE,0,13,1,0,0,NA,252.83769031917825
3010,281,5,2,1,FALSE,1,29,1,0,0,NA,252.83769031917825
3010,299,3,1,0,FALSE,0,30,1,0,0,NA,252.83769031917825
3010,325,1,3,0,FALSE,0,32,1,0,0,NA,252.83769031917825
3010,69,2,2,0,FALSE,0,8,1,0,0.42087542087542107,1521575244,252.83769031917825
3010,17,5,2,1,FALSE,1,2,1,0,0,NA,252.83769031917825
3010,223,2,2,0,FALSE,1,23,0,0,0.7309941520467835,1521575288,252.83769031917825
3010,150,2,2,0,FALSE,0,16,1,0,0,NA,252.83769031917825
3010,244,2,2,0,FALSE,0,25,1,0,0,NA,252.83769031917825
3010,333,5,2,1,FALSE,1,33,1,0,0,NA,252.83769031917825
3010,90,2,2,0,FALSE,1,10,0,0,0.7407407407407414,1521575322,252.83769031917825
3010,352,2,2,0,FALSE,1,35,0,0,0,NA,252.83769031917825
3010,192,1,3,0,FALSE,0,20,1,0,0,NA,252.83769031917825
3010,53,6,3,1,FALSE,1,6,1,0,0,NA,252.83769031917825
3010,134,3,1,0,FALSE,1,15,0,0,0.16595179738562127,1521575393,252.83769031917825
3010,177,1,3,0,FALSE,0,19,1,0,0,NA,252.83769031917825
3010,110,2,2,0,FALSE,1,12,0,0,0,NA,252.83769031917825
3010,96,1,3,0,FALSE,1,11,0,0,0.6331699346405224,1521575418,252.83769031917825
3010,40,4,1,1,FALSE,1,5,1,0,0,NA,252.83769031917825
3010,155,3,1,0,FALSE,1,17,0,0,0.14619883040935644,1521575449,252.83769031917825
3010,205,5,2,1,FALSE,0,22,0,0,0,NA,252.83769031917825
3010,167,3,1,0,FALSE,0,18,1,0,0,NA,252.83769031917825
3010,304,1,3,0,FALSE,0,31,1,0,0,NA,252.83769031917825
3010,31,5,2,1,TRUE,0,4,0,0,0.5699855699855698,1521575486,252.83769031917825
3010,235,3,1,0,FALSE,1,24,0,0,0.8169934640522882,1521575532,252.83769031917825
3010,255,3,1,0,FALSE,0,26,1,0,0.27233115468409697,1521575544,252.83769031917825
3010,78,4,1,1,FALSE,0,9,0,0,0,NA,252.83769031917825
3010,347,2,2,0,FALSE,0,34,1,0,0.13440860215053796,1521575561,252.83769031917825
3010,9,6,3,1,FALSE,1,1,1,0,0,NA,252.83769031917825
3010,264,5,2,1,FALSE,1,27,1,0,0.5971170033670035,1521575571,252.83769031917825
2001,131,2,2,0,FALSE,0,14,1,1,1.4864481339577125,1521575630,252.83769031917825
2001,194,4,1,1,FALSE,1,21,1,1,0,NA,252.83769031917825
2001,29,5,2,1,FALSE,1,3,1,1,0.5344742063492054,1521575667,252.83769031917825
2001,271,2,2,0,FALSE,0,28,1,1,0.54810557684121,1521575682,252.83769031917825
2001,364,4,1,1,FALSE,1,36,1,1,0,NA,252.83769031917825
2001,62,6,3,1,FALSE,1,7,1,1,0,NA,252.83769031917825
2001,120,1,3,0,FALSE,0,13,1,1,0,NA,252.83769031917825
2001,282,4,1,1,FALSE,1,29,1,1,0,NA,252.83769031917825
2001,297,4,1,1,FALSE,0,30,0,1,1.472222222222221,1521575769,252.83769031917825
2001,318,2,2,0,FALSE,0,32,1,1,0,NA,252.83769031917825
2001,72,1,3,0,FALSE,0,8,1,1,0.2364329570211927,1521575803,252.83769031917825
2001,14,6,3,1,FALSE,1,2,1,1,0.37574404761904656,1521575819,252.83769031917825
2001,217,4,1,1,FALSE,1,23,1,1,0.7407407407407396,1521575886,252.83769031917825
2001,142,1,3,0,FALSE,0,16,1,1,0.8357699805068224,1521575876,252.83769031917825
2001,251,1,3,0,FALSE,0,25,1,1,0,NA,252.83769031917825
2001,329,4,1,1,FALSE,1,33,1,1,0,NA,252.83769031917825
2001,87,4,1,1,FALSE,1,10,1,1,0.4423436041083093,1521575848,252.83769031917825
2001,357,1,3,0,FALSE,1,35,0,1,0.08799003682044759,1521575842,252.83769031917825
2001,183,1,3,0,FALSE,0,20,1,1,0,NA,252.83769031917825
2001,54,6,3,1,FALSE,1,6,1,1,0.6944444444444446,1521575921,252.83769031917825
2001,135,4,1,1,FALSE,1,15,1,1,1.3454861111111143,1521575927,252.83769031917825
2001,177,1,3,0,FALSE,0,19,1,1,0,NA,252.83769031917825
2001,114,4,1,1,FALSE,1,12,1,1,1.4373385012919897,1521575955,252.83769031917825
2001,100,5,2,1,FALSE,1,11,1,1,0,NA,252.83769031917825
2001,39,5,2,1,FALSE,1,5,1,1,0,NA,252.83769031917825
2001,155,3,1,0,FALSE,1,17,0,1,0.36549707602339154,1521576003,252.83769031917825
2001,207,1,3,0,FALSE,0,22,1,1,0.019290123456789487,1521576018,252.83769031917825
2001,159,1,3,0,FALSE,0,18,1,1,0.0801282051282044,1521576027,252.83769031917825
2001,309,1,3,0,FALSE,0,31,1,1,0,NA,252.83769031917825
2001,31,4,1,1,TRUE,0,4,0,1,0.5699855699855707,1521576047,252.83769031917825
2001,236,4,1,1,FALSE,1,24,1,1,0,NA,252.83769031917825
2001,259,2,2,0,FALSE,0,26,1,1,0.5612148651197888,1521576084,252.83769031917825
2001,81,5,2,1,FALSE,0,9,0,1,0,NA,252.83769031917825
2001,349,1,3,0,FALSE,0,34,1,1,0,NA,252.83769031917825
2001,11,6,3,1,FALSE,1,1,1,1,0,NA,252.83769031917825
2001,264,5,2,1,FALSE,1,27,1,1,0.5971170033670035,1521576118,252.83769031917825
